{
 "toMap": [
  46299.364441404665,
  0.24412943542708007,
  7445008.35686663,
  0.1936930946143506,
  -104447.71995007896,
  6674217.875765436
 ],
 "unitsPerMeter": 0.94146,
 "rms_page": 0.041543777872898216,
 "max_page": 0.06828654608625807,
 "pairs": 378,
 "anchors": {
  "clinic": 0.042839564093961745,
  "acc": 0.0367671789647516
 },
 "unmatched": []
}